Task,Date_Time,Minutes,Seconds,Milliseconds, Error
Task 3 error time,25/02/2025 10:33,0,11,634,
Task 3 error time,25/02/2025 14:27,0,8,641,
Task 3 error time,25/02/2025 15:15,0,7,356,
Task 3 error time,25/02/2025 17:18,0,6,12,
Task 3 error time,25/02/2025 18:03,0,7,1,
Task 3 error time,26/02/2025 19:00,0,7,110,
Task 3 error time,27/02/2025 12:06,0,10,543,
Task 3 error time,27/02/2025 14:45,0,14,446,
Task 3 error time,27/02/2025 18:02,0,6,685,
Task 3 error time,27/02/2025 20:35,0,6,973,
Task 3 error time,27/02/2025 21:31,0,11,543,
Task 3 error time,28/02/2025 09:18,0,7,896,
Task 3 error time,28/02/2025 10:14,0,8,657,
Task 3 error time,28/02/2025 10:56,0,6,24,
Task 3 error time,28/02/2025 12:19,0,9,642,
Task 3 error time,28/02/2025 12:51,0,8,304,
Task 3 error time,28/02/2025 13:25,0,8,874,
Task 3 error time,28/02/2025 16:26,0,7,122,
Task 3 error time,28/02/2025 18:16,0,6,51,
Task 3 error time,28/02/2025 18:40,0,7,583,
Task 3 error time,28/02/2025 19:08,0,8,896,
